1,МОКсБиШ,kirrari,Ylek,butters853
1,Поручик Ржевский,Santa ПР,Podruga.zlodeya,Timuel
1,MZ#10З,knopa_kio,SobakaXacku228,Vita_che
1,RamP.S.ы,RamDozor,Leshik Q,alex668
1,InTeam EN,_Jersey_,drawndagger,Pupsik_DT
1,Тлен&Безысходность,enot_chan,Tzinch,Игорь Хамю
1,Mr. Spark на бэхе,Sofa-Soft,ekgs,Senteres
1,Пупочный мех,Мedoed,Viktorius,frapson
1,Ничего особенного,crookedhands,Романовна,Foren
1,*SSS*,smerch,Spn,N_N_N
1,Белоснежка без гномов,Belosnezhka_Ksu,mirosh,Malenbkaya
1,Школота!!!,eggynaya,kara4un,ishnica
1,t_prns[nesolo_(:Y:)],t_prns?,GingerNiki,Thaierlinn
1,Команда А [EN version],Jericho2H,Антихрист_РнД,Svetisv
1,Горизонт событий,ЕТ2006,викENг,Morri
1,CovEN,Pastafar,Dita_Che,
2,МОКсБиШ,alextrof,butters853,Jericho2H
2,Тедди Бир,Командир_,krashor,Mr. Pupochek на бэхе
2,Поручик Ржевский,Santa ПР,Podruga.zlodeya,bizarre
2,*SSS*,smerch,Angrimar,Aurk87
2,МЖМ,AndreyRedWhite,Mayushi,ГосподинЗаяц
2,MZ#10З,knopa_kio,goodboy20,SobakaXacku228
2,Тлен&Безысходность,enot_chan,Hades,nikitasnz
2,RamP.S.ы,RamDozor,Leshik Q,KateMotul
2,Dzu и его воображаемые друзья,Tzar4eg,duchess_Lilu,mironWE
2,ТП team,Psiha,_Jersey_,vanes88
2,ЯростныеНовисы,SixSixOne,Dayana08,KatePo
2,НеСтандарт,happy_miller,bobanah,
2,Между Dелом,Grozzza,,
2,БарСук,яНо4ка,Ninned,natalifi
2,Не_ЗвёздЫ_,Svetlanka_leto_,Tissa1237,therefore
2,150+150,Bulatov_Andrey,,
2,Заряженные Баночки,кашпирович,Ботович,
2,Слабоумие и Отвага,Летящий лесом,,
