1,Mr. Spark на бэхе,Sofa-Soft,ekgs,krashor
1,Между Dелом,Grozzza,R0bin,Oscarito
1,Автономия,happy_miller,Shushpik,Nikolas2024
1,Не было печали,duchess_Lilu,aroh,eflodogere
1,Поручик Ржевский,Santa ПР,Timuel,_Jersey_
1,МОКсБиШ,alextrof,Пaша,Ferron
1,Какого цвета лестница Подлесского?,Johnny23,Антихрист_РнД,Романовна
1,Команда А [EN version],bizarre,Ylek,Zvanek
1,MZ#10З,FrostyMary,knopa_kio,Xacku1
1,R.S.G.,OleDjuice,Igelz,Subeira90
1,Просто Nяшки,Lusiashka,smerch,МиссДашулька
1,GASH,Scham,anonimo4ka,Igor Golovin
1,PFF_,_BARS_,dogedj,Хорошенькая
1,Паровозик который смог,B0$,Houston52,aLinA/
1,Баклажан (КиО),goodboy20,100MMA,Hock
1,Тлен&Безысходность,nikitasnz,enot_chan,Borg
1,BHZ,LaNn1,Chernish_
1,Suzukiны дети,Nastya9407,Graimes,mikksser
1,_ДНО_,_Gae4ka_,eery,Askoban
1,Ничего особенного,crookedhands,zafo4ka
1,We have a problem,Juyz,xDaemonic
1,Kотаны,arda,die_hard
1,Пупочек one love,arantir994,mitelen
1,Всё будет,dzo,Dmitriy14
1,Аум!,Aurk
1,42cm,kera_mz,42cm_cap,Merami
2,Автономия,happy_miller,Shushpik,Nikolas2024
2,Поручик Ржевский,Santa ПР,Dynb,Timuel
2,Команда А [EN version],bizarre,Luke_,Jericho2H
2,THЕ BЕST,THE_PEST,Opium_,Alin4ik*
2,МОКсБиШ,alextrof,Пaша,Ferron
2,PFF_,_BARS_,Хорошенькая,Zombie.encx
2,Не было печали,eflodogere,aroh,duchess_Lilu
2,Трудное детство,Gurlich,just do it!,Spn
2,МЖМ,AndreyRedWhite,Mayushi,Egorim
2,*SSS*,smerch,Романовна,Schera
2,Паровозик который смог,B0$,Houston52,aLinA/
2,Mr. Spark на бэхе,Sofa-Soft,ekgs,Mr. Pupochek на бэхе
2,Suzukiны дети,mikksser,Nastya9407,Zim44
2,БарСук,Finnn,frapson,Foren
2,Анклав ENcoded DReam,WingsOfAngel,Aртёмыч,Pastafar
2,Adeptus Custodes,Tanno,Koliz
2,BHZ,LaNn1,Chernish_
2,Курс на Байконур,AppleTau,lili.narik
2,42cm,kera61rus,ILL,JeSSter
2,MZ#10З,FrostyMary,SobakaXacku228,knopa_kio
2,Просто Nяшки,МиссДашулька,jtee,Julkaqq
2,Тлен&Безысходность,Vero_Ok,Игорь Хамю,nikitasnz
2,Между Dелом,Grozzza,Johnny23,Oscarito
2,Kотаны,arda,NektoIsMadi,Igor Golovin
2,B_team,Боря BASE Домашев,mashacap,SanDDRa
2,Курчатова бородка,Barik91
2,АкулЁNки,Niflheimr,=Galka=
2,Dzu и его воображаемые друзья,Tzar4eg
2,QWERTY12345,Тёма SemaK Голубицкий,drumter,Semak_Millev
2,t_prns[nesolo_(:Y:)],t_prns?
2,LikeAGirl,Thaierlinn,GingerNiki,tusya_red
2,Злобные смайлики,rambler2iulanna,Juyz
3,Сложно, бл*ть, них*я не понятно! Можно без этого?,DeDinc,bantik_sboky,Damet
3,Автономия,happy_miller,Shushpik,Nikolas2024
3,PFF_,_BARS_,Хорошенькая,Zombie.encx
3,ТП team,Psiha,Mihalovna
3,THЕ BЕST,THE_PEST,Opium_,Alin4ik*
3,Курс на Байконур,Pauleta,lili.narik
3,МЖМ,AndreyRedWhite,Mayushi,ГосподинЗаяц
3,МОКсБиШ,Пaша,Ylek,Ferron
3,Анклав ENcoded DReam,WingsOfAngel,Eugine,Pastafar
3,RamP.S.ы,Leshik Q,RamDozor,325
3,Поручик Ржевский,Santa ПР,pokryshkin,Timuel
3,Между Dелом,Grozzza,Oscarito,Oyra_Oyra
3,*SSS*,smerch,Spn,Schera
3,Mr. Spark на бэхе,Sofa-Soft,ekgs,Mr. Pupochek на бэхе
3,Suzukiны дети,mikksser,Nastya9407,Zim44
3,Команда А [EN version],bizarre,Luke_,Jericho2H
3,Трудное детство,Деметра,just do it!
3,Влагалище Дельфина,gip-er
3,БарСук,Finnn,Kislai
3,Тигры F1,Igor Golovin,Шустрик_Ира,NinaAfina
3,42cm,JeSSter,Rabbit_M~,Императорский ламантин
3,Тлен&Безысходность,nikitasnz,Hades,Игорь Хамю
3,MZ#10З,knopa_kio,Do not eat my Honey!,SobakaXacku228
3,Семейный тройничок,R0bin
3,Не было печали,duchess_Lilu,aroh,eflodogere
3,Баклажан (КиО),goodboy20,100MMA,Hock
3,_ДНО_,_Gae4ka_,AAK-MEFISTO,eery
3,гдея?,Knjava,Juck_OFF,Eliz_borgi
3,QWERTY12345,Тёма SemaK Голубицкий,drumter,Semak_Millev
3,Kотаны,arda,die_hard
3,Dzu и его воображаемые друзья,Tzar4eg
3,Аум!,Aurk,Ylika
3,Сол,White_Fury
3,...---...00000,forgotten_soul,fsbot
3,щербатые носки,DemetraWE,Ptica_elsze,ne_tot_nik
4,Поручик Ржевский,Santa ПР,Podruga.zlodeya,Timuel
4,МЖМ,AndreyRedWhite,Mayushi,ГосподинЗаяц
4,THЕ BЕST,THE_PEST,Opium_,Alin4ik*
4,ТП team,Psiha,Fedoroff~,_Jersey_
4,Команда А [EN version],bizarre,Luke_,Jericho2H
4,Автономия,happy_miller,Shushpik,Nikolas2024
4,Анклав ENcoded DReam,WingsOfAngel,dogedj,Pastafar
4,МОКсБиШ,alextrof,Пaша,Ferron
4,chimichanga,i_chё?,Johnny23,Do not eat my Honey!
4,Паровозик который смог,B0$,Hades,aLinA/
4,R.S.G.,OleDjuice,ZoRGyK,bantik_sboky
4,Пупочек one love,Zim44,Tarry Matter,Shaman1
4,Mr. Spark на бэхе,Sofa-Soft,ekgs,Mr. Pupochek на бэхе
4,WTF_team,butters853,Ylek,Svetisv
4,PFF_,_BARS_,Хорошенькая,Zombie.encx
4,Тигры F1,Igor Golovin,Романовна,Scham
4,MZ#10З,knopa_kio,Juck_OFF,SobakaXacku228
4,RamP.S.ы,Leshik Q,RamDozor
4,Тлен&Безысходность,nikitasnz,enot_chan,Vero_Ok
4,Курс на Байконур,AppleTau,lili.narik,klotoz
4,АкулЁNки,Niflheimr,Barik91
4,Стальные стринги,maybe~,natalifi,Boltik-bolt
4,Kотаны,arda,NektoIsMadi
5,МОКсБиШ,alextrof,Ylek,Пaша
5,Команда А [EN version],bizarre,Luke_,Jericho2H
5,Какого цвета лестница Подлесского?,Johnny23,Resha,Do not eat my Honey!
5,Mr. Spark на бэхе,Sofa-Soft,ekgs,Mr. Pupochek на бэхе
5,Автономия,happy_miller,Shushpik,Nikolas2024
5,CovEN,Pastafar,tais_kirakosova,takataa
5,Тлен&Безысходность,enot_chan,Hades,eggynaya
5,MZ#10З,knopa_kio,goodboy20,SobakaXacku228
5,2 K,zlyouka,Командир_,Partizanko
5,Полиэтиленовый привет,Kompotova,loc_dog,Samsonius
5,Поручик Ржевский,Timuel,Kislai,Dita_Che
5,ТП team,Psiha,crookedhands,AndreyRedWhite
5,Курс на Байконур,AppleTau,lili.narik,klotoz
5,Просто Nяшки,Lusiashka,Eugene1512,Julkaqq
5,RamP.S.ы,Leshik Q,325
5,Kотаны,dima3plus,arda,Skol91
5,РУКАЛИЦО,RamDozor,alex668
5,Ойра,Oyra_Oyra
5,SOMNAMBULISTS,Danza_en,xuxu
5,йцуке,aroh
5,DRузЮлька,DRuzz,woman666_91
6,Поручик Ржевский,Santa ПР,Антихрист_РнД,pokryshkin
6,Команда А [EN version],bizarre,Luke_,Jericho2H
6,МЖМ,AndreyRedWhite,Mayushi,ГосподинЗаяц
6,Mr. Spark на бэхе,Sofa-Soft,Senteres,Mr. Pupochek на бэхе
6,МОКсБиШ,alextrof,Пaша,Ferron
6,Тлен&Безысходность,enot_chan,Hades,nikitasnz
6,c'est LА vie!,crookedhands,Романовна,Foren
6,2 K,zlyouka,Командир_,Do not eat my Honey!
6,RamP.S.ы,RamDozor,Leshik Q,325
6,Автономия,happy_miller,Nikolas2024,Spn
6,MZ#10З,knopa_kio,goodboy20,SobakaXacku228
6,_ДНО_,_Gae4ka_,Nott,Askoban
6,ТП team,Psiha,Mihalovna,_Jersey_
6,ААААА,JeSSter
6,Лиса и сова,Julkaqq,extreme
6,Белоснежка без гномов,BelosnezhkaWE,Belosnezhka_Ksu
6,Не забываем страдать!,SonraDR,ula2323
6,Лютый Лютик,Pitovsky,Moskalen
6,Заряженные Баночки,кашпирович
6,РУКАЛИЦО,alex668
6,НеСтандарт,Azazel_ka
6,FlipOff,SixSixOne,FrankenWoolfy
